Test,TestId,Type,Item,Message,Data,Path
BASEGAMEVER,2,"Unknown","","No applicable items found for test Base Game Version (BASEGAMEVER)",,"",
BLOCKSCAT,2,"Unknown","","No applicable items found for test Blocks Catalog (BLOCKSCAT)",,"",
CBFG,1,"Test success","","Beta Features completed successfully",,"",
CDWORLDDATA,2,"Unknown","","No applicable items found for test Custom Dimension World Data Validation (CDWORLDDATA)",,"",
CHECKFEATUREDEPRECATION,2,"Unknown","","No applicable items found for test Feature Deprecation (CHECKFEATUREDEPRECATION)",,"",
CHKMANIF,1,"Test success","","Manifest Validation completed successfully",,"",
COMJSON,1,"Test success","","Community JSON Schema Validation completed successfully",,"",
COMJSON,1110,"Info","","Entity type is not at a current format version",,"/AutoMiner_BP/entities/advanced_minecart.json",
COMJSON,1110,"Info","","Entity type is not at a current format version",,"/AutoMiner_BP/entities/auto_miner.behavior.json",
COMJSON,1121,"Info","","Block type is not at a current format version (is at 1.21.0)",,"/Auto_Miner_1_0_2__v1.0.1.zip#/blocks/copper_rail.json",
COMJSON,1121,"Info","","Block type is not at a current format version (is at 1.21.0)",,"/Auto_Miner_1_0_2__v1.0.1.zip#/blocks/diamond_rail.json",
COMJSON,1121,"Info","","Block type is not at a current format version (is at 1.21.0)",,"/Auto_Miner_1_0_2__v1.0.1.zip#/blocks/emerald_rail.json",
COMJSON,1121,"Info","","Block type is not at a current format version (is at 1.21.0)",,"/Auto_Miner_1_0_2__v1.0.1.zip#/blocks/golden_rail.json",
COMJSON,1121,"Info","","Block type is not at a current format version (is at 1.21.0)",,"/Auto_Miner_1_0_2__v1.0.1.zip#/blocks/iron_rail.json",
COMJSON,1123,"Info","","Item type is not at a current format version (is at 1.20.80)",,"/AutoMiner_BP/items/advanced_minecart.item.json",
COMJSON,1123,"Info","","Item type is not at a current format version (is at 1.21.30)",,"/AutoMiner_BP/items/auto_miner.item.json",
COMJSON,1123,"Info","","Item type is not at a current format version (is at 1.21.30)",,"/AutoMiner_BP/items/copper_drill.json",
COMJSON,1123,"Info","","Item type is not at a current format version (is at 1.21.30)",,"/AutoMiner_BP/items/copper_rail.json",
COMJSON,1123,"Info","","Item type is not at a current format version (is at 1.21.30)",,"/AutoMiner_BP/items/diamond_drill.json",
COMJSON,1123,"Info","","Item type is not at a current format version (is at 1.21.30)",,"/AutoMiner_BP/items/diamond_rail.json",
COMJSON,1123,"Info","","Item type is not at a current format version (is at 1.21.30)",,"/AutoMiner_BP/items/emerald_rail.json",
COMJSON,1123,"Info","","Item type is not at a current format version (is at 1.21.30)",,"/AutoMiner_BP/items/gold_drill.json",
COMJSON,1123,"Info","","Item type is not at a current format version (is at 1.21.30)",,"/AutoMiner_BP/items/golden_rail.json",
COMJSON,1123,"Info","","Item type is not at a current format version (is at 1.21.30)",,"/AutoMiner_BP/items/iron_drill.json",
COMJSON,1123,"Info","","Item type is not at a current format version (is at 1.21.30)",,"/AutoMiner_BP/items/iron_rail.json",
COMJSON,1123,"Info","","Item type is not at a current format version (is at 1.21.30)",,"/AutoMiner_BP/items/stone_drill.json",
COMJSON,1123,"Info","","Item type is not at a current format version (is at 1.20.80)",,"/Auto_Miner_1_0_2__v1.0.1.zip#/items/advanced_minecart.item.json",
COMJSON,1123,"Info","","Item type is not at a current format version (is at 1.21.30)",,"/Auto_Miner_1_0_2__v1.0.1.zip#/items/auto_miner.item.json",
COMJSON,1123,"Info","","Item type is not at a current format version (is at 1.21.30)",,"/Auto_Miner_1_0_2__v1.0.1.zip#/items/copper_drill.json",
COMJSON,1123,"Info","","Item type is not at a current format version (is at 1.21.30)",,"/Auto_Miner_1_0_2__v1.0.1.zip#/items/copper_rail.json",
COMJSON,1123,"Info","","Item type is not at a current format version (is at 1.21.30)",,"/Auto_Miner_1_0_2__v1.0.1.zip#/items/diamond_drill.json",
COMJSON,1123,"Info","","Item type is not at a current format version (is at 1.21.30)",,"/Auto_Miner_1_0_2__v1.0.1.zip#/items/diamond_rail.json",
COMJSON,1123,"Info","","Item type is not at a current format version (is at 1.21.30)",,"/Auto_Miner_1_0_2__v1.0.1.zip#/items/emerald_rail.json",
COMJSON,1123,"Info","","Item type is not at a current format version (is at 1.21.30)",,"/Auto_Miner_1_0_2__v1.0.1.zip#/items/gold_drill.json",
COMJSON,1123,"Info","","Item type is not at a current format version (is at 1.21.30)",,"/Auto_Miner_1_0_2__v1.0.1.zip#/items/golden_rail.json",
COMJSON,1123,"Info","","Item type is not at a current format version (is at 1.21.30)",,"/Auto_Miner_1_0_2__v1.0.1.zip#/items/iron_drill.json",
COMJSON,1123,"Info","","Item type is not at a current format version (is at 1.21.30)",,"/Auto_Miner_1_0_2__v1.0.1.zip#/items/iron_rail.json",
COMJSON,1123,"Info","","Item type is not at a current format version (is at 1.21.30)",,"/Auto_Miner_1_0_2__v1.0.1.zip#/items/stone_drill.json",
COMJSON,1128,"Info","","Animation is not at a current format version (is at 1.8.0)",,"/AutoMiner_RP/animations/advanced_minecart.animation.json",
COMJSON,1128,"Info","","Animation is not at a current format version (is at 1.8.0)",,"/AutoMiner_RP/animations/auto_miner.animation.json",
COMJSON,1129,"Info","","Animation controller is not at a current format version (is at 1.10.0)",,"/AutoMiner_RP/animation_controllers/advanced_minecart.controller.json",
COMJSON,1129,"Info","","Animation controller is not at a current format version (is at 1.10.0)",,"/AutoMiner_RP/animation_controllers/auto_miner.controller.json",
CPACKICON,1,"Test success","","Pack Icon completed successfully",,"",
CPARTI,1,"Test success","","Particle Identifiers completed successfully",,"",
CROSSREFINDEX,2,"Unknown","","No applicable items found for test Cross-Reference Index (CROSSREFINDEX)",,"",
CSPJ,1,"Test success","","Skin Pack Validation completed successfully",,"",
CWI,1,"Test success","","World Icons completed successfully",,"",
ENTITYTYPE,1,"Test success","","Entity Type completed successfully",,"",
ENTITYTYPE,120,"Recommendation","","Behavior pack entity type format version (1.20.0) has a lower minor version number compared to the current version or the previous current minor version",,"/AutoMiner_BP/entities/advanced_minecart.json",
ENTITYTYPE,120,"Recommendation","","Behavior pack entity type format version (1.18.20) has a lower minor version number compared to the current version or the previous current minor version",,"/AutoMiner_BP/entities/auto_miner.behavior.json",
EXPFLAG,2,"Unknown","","No applicable items found for test Experimental Flags (EXPFLAG)",,"",
FORBFILE,1,"Test success","","Forbidden Files completed successfully",,"",
FORMATVER,1,"Test success","","Format Version completed successfully",,"",
FORMATVER,120,"Recommendation","","Block type version (1.21.0) has a lower patch version number compared to the expected version (1.26.30)",,"/Auto_Miner_1_0_2__v1.0.1.zip#/blocks/copper_rail.json",
FORMATVER,120,"Recommendation","","Block type version (1.21.0) has a lower patch version number compared to the expected version (1.26.30)",,"/Auto_Miner_1_0_2__v1.0.1.zip#/blocks/diamond_rail.json",
FORMATVER,120,"Recommendation","","Block type version (1.21.0) has a lower patch version number compared to the expected version (1.26.30)",,"/Auto_Miner_1_0_2__v1.0.1.zip#/blocks/emerald_rail.json",
FORMATVER,120,"Recommendation","","Block type version (1.21.0) has a lower patch version number compared to the expected version (1.26.30)",,"/Auto_Miner_1_0_2__v1.0.1.zip#/blocks/golden_rail.json",
FORMATVER,120,"Recommendation","","Block type version (1.21.0) has a lower patch version number compared to the expected version (1.26.30)",,"/Auto_Miner_1_0_2__v1.0.1.zip#/blocks/iron_rail.json",
FORMATVER,136,"Recommendation","","Item type version (1.20.80) has a lower minor version number compared to the expected version (1.26.30) or its previous minor version",,"/AutoMiner_BP/items/advanced_minecart.item.json",
FORMATVER,136,"Recommendation","","Item type version (1.20.80) has a lower minor version number compared to the expected version (1.26.30) or its previous minor version",,"/Auto_Miner_1_0_2__v1.0.1.zip#/items/advanced_minecart.item.json",
FORMATVER,156,"Recommendation","","Recipe version (1.12.0) has a lower minor version number compared to the expected version (1.26.30) or its previous minor version",,"/AutoMiner_BP/recipes/advanced_minecart.json",
FORMATVER,156,"Recommendation","","Recipe version (1.20.10) has a lower minor version number compared to the expected version (1.26.30) or its previous minor version",,"/AutoMiner_BP/recipes/auto_miner.json",
FORMATVER,156,"Recommendation","","Recipe version (1.12.0) has a lower minor version number compared to the expected version (1.26.30) or its previous minor version",,"/Auto_Miner_1_0_2__v1.0.1.zip#/recipes/advanced_minecart.json",
FORMATVER,156,"Recommendation","","Recipe version (1.20.10) has a lower minor version number compared to the expected version (1.26.30) or its previous minor version",,"/Auto_Miner_1_0_2__v1.0.1.zip#/recipes/auto_miner.json",
FORMATVER,156,"Recommendation","","Recipe version (1.20.10) has a lower minor version number compared to the expected version (1.26.30) or its previous minor version",,"/Auto_Miner_1_0_2__v1.0.1.zip#/recipes/copper_drill.json",
FORMATVER,156,"Recommendation","","Recipe version (1.20.10) has a lower minor version number compared to the expected version (1.26.30) or its previous minor version",,"/Auto_Miner_1_0_2__v1.0.1.zip#/recipes/copper_rail.json",
FORMATVER,156,"Recommendation","","Recipe version (1.20.10) has a lower minor version number compared to the expected version (1.26.30) or its previous minor version",,"/Auto_Miner_1_0_2__v1.0.1.zip#/recipes/diamond_rail.json",
FORMATVER,156,"Recommendation","","Recipe version (1.20.10) has a lower minor version number compared to the expected version (1.26.30) or its previous minor version",,"/Auto_Miner_1_0_2__v1.0.1.zip#/recipes/emerald_rail.json",
FORMATVER,156,"Recommendation","","Recipe version (1.20.10) has a lower minor version number compared to the expected version (1.26.30) or its previous minor version",,"/Auto_Miner_1_0_2__v1.0.1.zip#/recipes/golden_rail.json",
FORMATVER,156,"Recommendation","","Recipe version (1.20.10) has a lower minor version number compared to the expected version (1.26.30) or its previous minor version",,"/Auto_Miner_1_0_2__v1.0.1.zip#/recipes/iron_rail.json",
FORMATVER,160,"Recommendation","","Recipe version (1.21.0) has a lower patch version number compared to the expected version (1.26.30)",,"/Auto_Miner_1_0_2__v1.0.1.zip#/recipes/diamond_drill.json",
FORMATVER,160,"Recommendation","","Recipe version (1.21.0) has a lower patch version number compared to the expected version (1.26.30)",,"/Auto_Miner_1_0_2__v1.0.1.zip#/recipes/gold_drill.json",
FORMATVER,160,"Recommendation","","Recipe version (1.21.0) has a lower patch version number compared to the expected version (1.26.30)",,"/Auto_Miner_1_0_2__v1.0.1.zip#/recipes/iron_drill.json",
FORMATVER,160,"Recommendation","","Recipe version (1.21.0) has a lower patch version number compared to the expected version (1.26.30)",,"/Auto_Miner_1_0_2__v1.0.1.zip#/recipes/stone_drill.json",
FORMATVER,216,"Recommendation","","Resource animation version (1.8.0) has a lower minor version number compared to the expected version (1.10.0) or its previous minor version",,"/AutoMiner_RP/animations/advanced_minecart.animation.json",
FORMATVER,216,"Recommendation","","Resource animation version (1.8.0) has a lower minor version number compared to the expected version (1.10.0) or its previous minor version",,"/AutoMiner_RP/animations/auto_miner.animation.json",
FORMATVER,296,"Recommendation","","Entity type resource version (1.20.0) has a lower minor version number compared to the expected version (1.26.30) or its previous minor version",,"/AutoMiner_RP/entity/advanced_minecart.entity.json",
FORMATVER,296,"Recommendation","","Entity type resource version (1.10.0) has a lower minor version number compared to the expected version (1.26.30) or its previous minor version",,"/AutoMiner_RP/entity/advanced_minecart.render_controller.json",
FORMATVER,296,"Recommendation","","Entity type resource version (1.10.0) has a lower minor version number compared to the expected version (1.26.30) or its previous minor version",,"/AutoMiner_RP/entity/auto_miner.entity.json",
FORMATVER,621,"Info","","Block type format_version",1,26,30,"/AutoMiner_BP/blocks/copper_rail.json",
FORMATVER,621,"Info","","Block type format_version",1,26,30,"/AutoMiner_BP/blocks/diamond_rail.json",
FORMATVER,621,"Info","","Block type format_version",1,26,30,"/AutoMiner_BP/blocks/emerald_rail.json",
FORMATVER,621,"Info","","Block type format_version",1,26,30,"/AutoMiner_BP/blocks/golden_rail.json",
FORMATVER,621,"Info","","Block type format_version",1,26,30,"/AutoMiner_BP/blocks/iron_rail.json",
FORMATVER,621,"Info","","Block type format_version",1,21,0,"/Auto_Miner_1_0_2__v1.0.1.zip#/blocks/copper_rail.json",
FORMATVER,621,"Info","","Block type format_version",1,21,0,"/Auto_Miner_1_0_2__v1.0.1.zip#/blocks/diamond_rail.json",
FORMATVER,621,"Info","","Block type format_version",1,21,0,"/Auto_Miner_1_0_2__v1.0.1.zip#/blocks/emerald_rail.json",
FORMATVER,621,"Info","","Block type format_version",1,21,0,"/Auto_Miner_1_0_2__v1.0.1.zip#/blocks/golden_rail.json",
FORMATVER,621,"Info","","Block type format_version",1,21,0,"/Auto_Miner_1_0_2__v1.0.1.zip#/blocks/iron_rail.json",
FORMATVER,623,"Info","","Item type format_version",1,20,80,"/AutoMiner_BP/items/advanced_minecart.item.json",
FORMATVER,623,"Info","","Item type format_version",1,21,30,"/AutoMiner_BP/items/auto_miner.item.json",
FORMATVER,623,"Info","","Item type format_version",1,21,30,"/AutoMiner_BP/items/copper_drill.json",
FORMATVER,623,"Info","","Item type format_version",1,21,30,"/AutoMiner_BP/items/copper_rail.json",
FORMATVER,623,"Info","","Item type format_version",1,21,30,"/AutoMiner_BP/items/diamond_drill.json",
FORMATVER,623,"Info","","Item type format_version",1,21,30,"/AutoMiner_BP/items/diamond_rail.json",
FORMATVER,623,"Info","","Item type format_version",1,21,30,"/AutoMiner_BP/items/emerald_rail.json",
FORMATVER,623,"Info","","Item type format_version",1,21,30,"/AutoMiner_BP/items/gold_drill.json",
FORMATVER,623,"Info","","Item type format_version",1,21,30,"/AutoMiner_BP/items/golden_rail.json",
FORMATVER,623,"Info","","Item type format_version",1,21,30,"/AutoMiner_BP/items/iron_drill.json",
FORMATVER,623,"Info","","Item type format_version",1,21,30,"/AutoMiner_BP/items/iron_rail.json",
FORMATVER,623,"Info","","Item type format_version",1,21,30,"/AutoMiner_BP/items/stone_drill.json",
FORMATVER,623,"Info","","Item type format_version",1,20,80,"/Auto_Miner_1_0_2__v1.0.1.zip#/items/advanced_minecart.item.json",
FORMATVER,623,"Info","","Item type format_version",1,21,30,"/Auto_Miner_1_0_2__v1.0.1.zip#/items/auto_miner.item.json",
FORMATVER,623,"Info","","Item type format_version",1,21,30,"/Auto_Miner_1_0_2__v1.0.1.zip#/items/copper_drill.json",
FORMATVER,623,"Info","","Item type format_version",1,21,30,"/Auto_Miner_1_0_2__v1.0.1.zip#/items/copper_rail.json",
FORMATVER,623,"Info","","Item type format_version",1,21,30,"/Auto_Miner_1_0_2__v1.0.1.zip#/items/diamond_drill.json",
FORMATVER,623,"Info","","Item type format_version",1,21,30,"/Auto_Miner_1_0_2__v1.0.1.zip#/items/diamond_rail.json",
FORMATVER,623,"Info","","Item type format_version",1,21,30,"/Auto_Miner_1_0_2__v1.0.1.zip#/items/emerald_rail.json",
FORMATVER,623,"Info","","Item type format_version",1,21,30,"/Auto_Miner_1_0_2__v1.0.1.zip#/items/gold_drill.json",
FORMATVER,623,"Info","","Item type format_version",1,21,30,"/Auto_Miner_1_0_2__v1.0.1.zip#/items/golden_rail.json",
FORMATVER,623,"Info","","Item type format_version",1,21,30,"/Auto_Miner_1_0_2__v1.0.1.zip#/items/iron_drill.json",
FORMATVER,623,"Info","","Item type format_version",1,21,30,"/Auto_Miner_1_0_2__v1.0.1.zip#/items/iron_rail.json",
FORMATVER,623,"Info","","Item type format_version",1,21,30,"/Auto_Miner_1_0_2__v1.0.1.zip#/items/stone_drill.json",
FORMATVER,628,"Info","","Animation format_version",1,8,0,"/AutoMiner_RP/animations/advanced_minecart.animation.json",
FORMATVER,628,"Info","","Animation format_version",1,8,0,"/AutoMiner_RP/animations/auto_miner.animation.json",
FORMATVER,629,"Info","","Animation controller format_version",1,10,0,"/AutoMiner_RP/animation_controllers/advanced_minecart.controller.json",
FORMATVER,629,"Info","","Animation controller format_version",1,10,0,"/AutoMiner_RP/animation_controllers/auto_miner.controller.json",
FORMATVER,630,"Info","","Entity type visuals/audio format_version",1,20,0,"/AutoMiner_RP/entity/advanced_minecart.entity.json",
FORMATVER,630,"Info","","Entity type visuals/audio format_version",1,10,0,"/AutoMiner_RP/entity/advanced_minecart.render_controller.json",
FORMATVER,630,"Info","","Entity type visuals/audio format_version",1,10,0,"/AutoMiner_RP/entity/auto_miner.entity.json",
FORMATVER,643,"Info","","Recipe format_version",1,12,0,"/AutoMiner_BP/recipes/advanced_minecart.json",
FORMATVER,643,"Info","","Recipe format_version",1,20,10,"/AutoMiner_BP/recipes/auto_miner.json",
FORMATVER,643,"Info","","Recipe format_version",1,26,30,"/AutoMiner_BP/recipes/copper_drill.json",
FORMATVER,643,"Info","","Recipe format_version",1,26,30,"/AutoMiner_BP/recipes/copper_rail.json",
FORMATVER,643,"Info","","Recipe format_version",1,26,30,"/AutoMiner_BP/recipes/diamond_drill.json",
FORMATVER,643,"Info","","Recipe format_version",1,26,30,"/AutoMiner_BP/recipes/diamond_rail.json",
FORMATVER,643,"Info","","Recipe format_version",1,26,30,"/AutoMiner_BP/recipes/emerald_rail.json",
FORMATVER,643,"Info","","Recipe format_version",1,26,30,"/AutoMiner_BP/recipes/gold_drill.json",
FORMATVER,643,"Info","","Recipe format_version",1,26,30,"/AutoMiner_BP/recipes/golden_rail.json",
FORMATVER,643,"Info","","Recipe format_version",1,26,30,"/AutoMiner_BP/recipes/iron_drill.json",
FORMATVER,643,"Info","","Recipe format_version",1,26,30,"/AutoMiner_BP/recipes/iron_rail.json",
FORMATVER,643,"Info","","Recipe format_version",1,26,30,"/AutoMiner_BP/recipes/stone_drill.json",
FORMATVER,643,"Info","","Recipe format_version",1,12,0,"/Auto_Miner_1_0_2__v1.0.1.zip#/recipes/advanced_minecart.json",
FORMATVER,643,"Info","","Recipe format_version",1,20,10,"/Auto_Miner_1_0_2__v1.0.1.zip#/recipes/auto_miner.json",
FORMATVER,643,"Info","","Recipe format_version",1,20,10,"/Auto_Miner_1_0_2__v1.0.1.zip#/recipes/copper_drill.json",
FORMATVER,643,"Info","","Recipe format_version",1,20,10,"/Auto_Miner_1_0_2__v1.0.1.zip#/recipes/copper_rail.json",
FORMATVER,643,"Info","","Recipe format_version",1,21,0,"/Auto_Miner_1_0_2__v1.0.1.zip#/recipes/diamond_drill.json",
FORMATVER,643,"Info","","Recipe format_version",1,20,10,"/Auto_Miner_1_0_2__v1.0.1.zip#/recipes/diamond_rail.json",
FORMATVER,643,"Info","","Recipe format_version",1,20,10,"/Auto_Miner_1_0_2__v1.0.1.zip#/recipes/emerald_rail.json",
FORMATVER,643,"Info","","Recipe format_version",1,21,0,"/Auto_Miner_1_0_2__v1.0.1.zip#/recipes/gold_drill.json",
FORMATVER,643,"Info","","Recipe format_version",1,20,10,"/Auto_Miner_1_0_2__v1.0.1.zip#/recipes/golden_rail.json",
FORMATVER,643,"Info","","Recipe format_version",1,21,0,"/Auto_Miner_1_0_2__v1.0.1.zip#/recipes/iron_drill.json",
FORMATVER,643,"Info","","Recipe format_version",1,20,10,"/Auto_Miner_1_0_2__v1.0.1.zip#/recipes/iron_rail.json",
FORMATVER,643,"Info","","Recipe format_version",1,21,0,"/Auto_Miner_1_0_2__v1.0.1.zip#/recipes/stone_drill.json",
GEOFMT,1,"Test success","","Geometry Format completed successfully",,"",
GEOMETRY,1,"Test success","","Model Geometry Validation completed successfully",,"",
ITEMS,1,"Test success","","Minimum Definition of a Pack completed successfully",,"",
ITEMS,102,"Info","","Behavior pack manifest found",,"/AutoMiner_BP/manifest.json",
ITEMS,102,"Info","","Behavior pack manifest found",,"/Auto_Miner_1_0_2__v1.0.1.zip#/manifest.json",
ITEMS,103,"Info","","Resource pack manifest found",,"/AutoMiner_1_0_2__v1.0.2.zip#/manifest.json",
ITEMS,103,"Info","","Resource pack manifest found",,"/AutoMiner_RP/manifest.json",
ITEMS,202,"Info","","JavaScript item count",94,"",
ITEMS,205,"Info","","Behavior pack manifest item count",2,"",
ITEMS,210,"Info","","Entity type item count",2,"",
ITEMS,213,"Info","","TypeScript item count",10,"",
ITEMS,214,"Info","","Resource pack manifest item count",2,"",
ITEMS,221,"Info","","Block type item count",10,"",
ITEMS,223,"Info","","Item type item count",24,"",
ITEMS,224,"Info","","Loot table item count",10,"",
ITEMS,227,"Info","","Sound catalog item count",1,"",
ITEMS,228,"Info","","Animation item count",2,"",
ITEMS,229,"Info","","Animation controller item count",2,"",
ITEMS,230,"Info","","Entity type visuals/audio item count",3,"",
ITEMS,232,"Info","","Model item count",4,"",
ITEMS,233,"Info","","Particle item count",1,"",
ITEMS,237,"Info","","Language catalog item count",2,"",
ITEMS,243,"Info","","Recipe item count",24,"",
ITEMS,254,"Info","","Minecraft zip item count",2,"",
ITEMS,258,"Info","","TypeScript config item count",1,"",
ITEMS,259,"Info","","NPM package definition item count",1,"",
ITEMS,279,"Info","","Language translations item count",4,"",
ITEMS,292,"Info","","Item texture item count",2,"",
ITEMS,299,"Info","","Texture item count",18,"",
ITEMS,303,"Info","","Icon item count",4,"",
ITEMS,309,"Info","","Behavior pack folder item count",2,"",
ITEMS,310,"Info","","Resource pack folder item count",2,"",
ITEMS,364,"Info","","Unknown item count",1,"",
ITEMTYPE,1,"Test success","","Item Type completed successfully",,"",
ITEMTYPE,120,"Recommendation","","Behavior pack Item Type format version (1.20.80) has a lower minor version number compared to the current version or the previous current minor version",,"/AutoMiner_BP/items/advanced_minecart.item.json",
ITEMTYPE,120,"Recommendation","","Behavior pack Item Type format version (1.21.30) has a lower minor version number compared to the current version or the previous current minor version",,"/AutoMiner_BP/items/auto_miner.item.json",
ITEMTYPE,120,"Recommendation","","Behavior pack Item Type format version (1.21.30) has a lower minor version number compared to the current version or the previous current minor version",,"/AutoMiner_BP/items/copper_drill.json",
ITEMTYPE,120,"Recommendation","","Behavior pack Item Type format version (1.21.30) has a lower minor version number compared to the current version or the previous current minor version",,"/AutoMiner_BP/items/copper_rail.json",
ITEMTYPE,120,"Recommendation","","Behavior pack Item Type format version (1.21.30) has a lower minor version number compared to the current version or the previous current minor version",,"/AutoMiner_BP/items/diamond_drill.json",
ITEMTYPE,120,"Recommendation","","Behavior pack Item Type format version (1.21.30) has a lower minor version number compared to the current version or the previous current minor version",,"/AutoMiner_BP/items/diamond_rail.json",
ITEMTYPE,120,"Recommendation","","Behavior pack Item Type format version (1.21.30) has a lower minor version number compared to the current version or the previous current minor version",,"/AutoMiner_BP/items/emerald_rail.json",
ITEMTYPE,120,"Recommendation","","Behavior pack Item Type format version (1.21.30) has a lower minor version number compared to the current version or the previous current minor version",,"/AutoMiner_BP/items/gold_drill.json",
ITEMTYPE,120,"Recommendation","","Behavior pack Item Type format version (1.21.30) has a lower minor version number compared to the current version or the previous current minor version",,"/AutoMiner_BP/items/golden_rail.json",
ITEMTYPE,120,"Recommendation","","Behavior pack Item Type format version (1.21.30) has a lower minor version number compared to the current version or the previous current minor version",,"/AutoMiner_BP/items/iron_drill.json",
ITEMTYPE,120,"Recommendation","","Behavior pack Item Type format version (1.21.30) has a lower minor version number compared to the current version or the previous current minor version",,"/AutoMiner_BP/items/iron_rail.json",
ITEMTYPE,120,"Recommendation","","Behavior pack Item Type format version (1.21.30) has a lower minor version number compared to the current version or the previous current minor version",,"/AutoMiner_BP/items/stone_drill.json",
ITEMTYPE,120,"Recommendation","","Behavior pack Item Type format version (1.20.80) has a lower minor version number compared to the current version or the previous current minor version",,"/Auto_Miner_1_0_2__v1.0.1.zip#/items/advanced_minecart.item.json",
ITEMTYPE,120,"Recommendation","","Behavior pack Item Type format version (1.21.30) has a lower minor version number compared to the current version or the previous current minor version",,"/Auto_Miner_1_0_2__v1.0.1.zip#/items/auto_miner.item.json",
ITEMTYPE,120,"Recommendation","","Behavior pack Item Type format version (1.21.30) has a lower minor version number compared to the current version or the previous current minor version",,"/Auto_Miner_1_0_2__v1.0.1.zip#/items/copper_drill.json",
ITEMTYPE,120,"Recommendation","","Behavior pack Item Type format version (1.21.30) has a lower minor version number compared to the current version or the previous current minor version",,"/Auto_Miner_1_0_2__v1.0.1.zip#/items/copper_rail.json",
ITEMTYPE,120,"Recommendation","","Behavior pack Item Type format version (1.21.30) has a lower minor version number compared to the current version or the previous current minor version",,"/Auto_Miner_1_0_2__v1.0.1.zip#/items/diamond_drill.json",
ITEMTYPE,120,"Recommendation","","Behavior pack Item Type format version (1.21.30) has a lower minor version number compared to the current version or the previous current minor version",,"/Auto_Miner_1_0_2__v1.0.1.zip#/items/diamond_rail.json",
ITEMTYPE,120,"Recommendation","","Behavior pack Item Type format version (1.21.30) has a lower minor version number compared to the current version or the previous current minor version",,"/Auto_Miner_1_0_2__v1.0.1.zip#/items/emerald_rail.json",
ITEMTYPE,120,"Recommendation","","Behavior pack Item Type format version (1.21.30) has a lower minor version number compared to the current version or the previous current minor version",,"/Auto_Miner_1_0_2__v1.0.1.zip#/items/gold_drill.json",
ITEMTYPE,120,"Recommendation","","Behavior pack Item Type format version (1.21.30) has a lower minor version number compared to the current version or the previous current minor version",,"/Auto_Miner_1_0_2__v1.0.1.zip#/items/golden_rail.json",
ITEMTYPE,120,"Recommendation","","Behavior pack Item Type format version (1.21.30) has a lower minor version number compared to the current version or the previous current minor version",,"/Auto_Miner_1_0_2__v1.0.1.zip#/items/iron_drill.json",
ITEMTYPE,120,"Recommendation","","Behavior pack Item Type format version (1.21.30) has a lower minor version number compared to the current version or the previous current minor version",,"/Auto_Miner_1_0_2__v1.0.1.zip#/items/iron_rail.json",
ITEMTYPE,120,"Recommendation","","Behavior pack Item Type format version (1.21.30) has a lower minor version number compared to the current version or the previous current minor version",,"/Auto_Miner_1_0_2__v1.0.1.zip#/items/stone_drill.json",
JSON,1,"Test success","","JSON Schema Validation completed successfully",,"",
JSON,1110,"Info","","Entity type is not at a current format version",,"/AutoMiner_BP/entities/advanced_minecart.json",
JSON,1110,"Info","","Entity type is not at a current format version",,"/AutoMiner_BP/entities/auto_miner.behavior.json",
JSON,1121,"Info","","Block type is not at a current format version (is at 1.21.0)",,"/Auto_Miner_1_0_2__v1.0.1.zip#/blocks/copper_rail.json",
JSON,1121,"Info","","Block type is not at a current format version (is at 1.21.0)",,"/Auto_Miner_1_0_2__v1.0.1.zip#/blocks/diamond_rail.json",
JSON,1121,"Info","","Block type is not at a current format version (is at 1.21.0)",,"/Auto_Miner_1_0_2__v1.0.1.zip#/blocks/emerald_rail.json",
JSON,1121,"Info","","Block type is not at a current format version (is at 1.21.0)",,"/Auto_Miner_1_0_2__v1.0.1.zip#/blocks/golden_rail.json",
JSON,1121,"Info","","Block type is not at a current format version (is at 1.21.0)",,"/Auto_Miner_1_0_2__v1.0.1.zip#/blocks/iron_rail.json",
JSON,1123,"Info","","Item type is not at a current format version (is at 1.20.80)",,"/AutoMiner_BP/items/advanced_minecart.item.json",
JSON,1123,"Info","","Item type is not at a current format version (is at 1.21.30)",,"/AutoMiner_BP/items/auto_miner.item.json",
JSON,1123,"Info","","Item type is not at a current format version (is at 1.21.30)",,"/AutoMiner_BP/items/copper_drill.json",
JSON,1123,"Info","","Item type is not at a current format version (is at 1.21.30)",,"/AutoMiner_BP/items/copper_rail.json",
JSON,1123,"Info","","Item type is not at a current format version (is at 1.21.30)",,"/AutoMiner_BP/items/diamond_drill.json",
JSON,1123,"Info","","Item type is not at a current format version (is at 1.21.30)",,"/AutoMiner_BP/items/diamond_rail.json",
JSON,1123,"Info","","Item type is not at a current format version (is at 1.21.30)",,"/AutoMiner_BP/items/emerald_rail.json",
JSON,1123,"Info","","Item type is not at a current format version (is at 1.21.30)",,"/AutoMiner_BP/items/gold_drill.json",
JSON,1123,"Info","","Item type is not at a current format version (is at 1.21.30)",,"/AutoMiner_BP/items/golden_rail.json",
JSON,1123,"Info","","Item type is not at a current format version (is at 1.21.30)",,"/AutoMiner_BP/items/iron_drill.json",
JSON,1123,"Info","","Item type is not at a current format version (is at 1.21.30)",,"/AutoMiner_BP/items/iron_rail.json",
JSON,1123,"Info","","Item type is not at a current format version (is at 1.21.30)",,"/AutoMiner_BP/items/stone_drill.json",
JSON,1123,"Info","","Item type is not at a current format version (is at 1.20.80)",,"/Auto_Miner_1_0_2__v1.0.1.zip#/items/advanced_minecart.item.json",
JSON,1123,"Info","","Item type is not at a current format version (is at 1.21.30)",,"/Auto_Miner_1_0_2__v1.0.1.zip#/items/auto_miner.item.json",
JSON,1123,"Info","","Item type is not at a current format version (is at 1.21.30)",,"/Auto_Miner_1_0_2__v1.0.1.zip#/items/copper_drill.json",
JSON,1123,"Info","","Item type is not at a current format version (is at 1.21.30)",,"/Auto_Miner_1_0_2__v1.0.1.zip#/items/copper_rail.json",
JSON,1123,"Info","","Item type is not at a current format version (is at 1.21.30)",,"/Auto_Miner_1_0_2__v1.0.1.zip#/items/diamond_drill.json",
JSON,1123,"Info","","Item type is not at a current format version (is at 1.21.30)",,"/Auto_Miner_1_0_2__v1.0.1.zip#/items/diamond_rail.json",
JSON,1123,"Info","","Item type is not at a current format version (is at 1.21.30)",,"/Auto_Miner_1_0_2__v1.0.1.zip#/items/emerald_rail.json",
JSON,1123,"Info","","Item type is not at a current format version (is at 1.21.30)",,"/Auto_Miner_1_0_2__v1.0.1.zip#/items/gold_drill.json",
JSON,1123,"Info","","Item type is not at a current format version (is at 1.21.30)",,"/Auto_Miner_1_0_2__v1.0.1.zip#/items/golden_rail.json",
JSON,1123,"Info","","Item type is not at a current format version (is at 1.21.30)",,"/Auto_Miner_1_0_2__v1.0.1.zip#/items/iron_drill.json",
JSON,1123,"Info","","Item type is not at a current format version (is at 1.21.30)",,"/Auto_Miner_1_0_2__v1.0.1.zip#/items/iron_rail.json",
JSON,1123,"Info","","Item type is not at a current format version (is at 1.21.30)",,"/Auto_Miner_1_0_2__v1.0.1.zip#/items/stone_drill.json",
JSON,1128,"Info","","Animation is not at a current format version (is at 1.8.0)",,"/AutoMiner_RP/animations/advanced_minecart.animation.json",
JSON,1128,"Info","","Animation is not at a current format version (is at 1.8.0)",,"/AutoMiner_RP/animations/auto_miner.animation.json",
JSON,1129,"Info","","Animation controller is not at a current format version (is at 1.10.0)",,"/AutoMiner_RP/animation_controllers/advanced_minecart.controller.json",
JSON,1129,"Info","","Animation controller is not at a current format version (is at 1.10.0)",,"/AutoMiner_RP/animation_controllers/auto_miner.controller.json",
JSONF,1,"Test success","","JSON Structure completed successfully",,"",
JSONTAGS,1,"Test success","","JSON Tags completed successfully",,"",
JSONTAGS,101,"Info","","Entity file","/AutoMiner_BP/entities/advanced_minecart.json","/AutoMiner_BP/entities/advanced_minecart.json",defaultComponents minecraftIsStackable,1,defaultComponents minecraftTypeFamily,1,defaultComponents minecraftCollisionBox,1,defaultComponents minecraftRailMovement,1,defaultComponents minecraftRideable,1,defaultComponents minecraftRailSensor,1,defaultComponents minecraftPhysics,1,defaultComponents minecraftPushable,1,defaultComponents minecraftConditionalBandwidthOptimization,1,
JSONTAGS,101,"Info","","Entity file","/AutoMiner_BP/entities/auto_miner.behavior.json","/AutoMiner_BP/entities/auto_miner.behavior.json",defaultComponents minecraftPhysics,1,defaultComponents minecraftKnockbackResistance,1,defaultComponents minecraftHealth,1,defaultComponents minecraftDamageSensor,1,defaultComponents minecraftFireImmune,1,defaultComponents minecraftInventory,1,defaultComponents minecraftCollisionBox,1,defaultComponents minecraftPushable,1,entityEvents sequence,4,entityEvents filters,2,entityEvents setProperty,3,
JSONTAGS,102,"Info","","Block file","/blocks/copper_rail.json","",blockDefaultComponents minecraftDestructible,1,blockDefaultComponents minecraftBreakInfo,1,blockDefaultComponents minecraftLoot,1,blockDefaultComponents minecraftWaterlogged,1,
JSONTAGS,102,"Info","","Block file","/blocks/diamond_rail.json","",blockDefaultComponents minecraftDestructible,1,blockDefaultComponents minecraftBreakInfo,1,blockDefaultComponents minecraftLoot,1,blockDefaultComponents minecraftStepSound,1,blockDefaultComponents minecraftWaterlogged,1,
JSONTAGS,102,"Info","","Block file","/blocks/emerald_rail.json","",blockDefaultComponents minecraftDestructible,1,blockDefaultComponents minecraftBreakInfo,1,blockDefaultComponents minecraftLoot,1,blockDefaultComponents minecraftWaterlogged,1,
JSONTAGS,102,"Info","","Block file","/blocks/golden_rail.json","",blockDefaultComponents minecraftDestructible,1,blockDefaultComponents minecraftBreakInfo,1,blockDefaultComponents minecraftLoot,1,blockDefaultComponents minecraftWaterlogged,1,
JSONTAGS,102,"Info","","Block file","/blocks/iron_rail.json","",blockDefaultComponents minecraftDestructible,1,blockDefaultComponents minecraftBreakInfo,1,blockDefaultComponents minecraftLoot,1,blockDefaultComponents minecraftWaterlogged,1,
JSONTAGS,102,"Info","","Block file","/loot_tables/blocks/copper_rail.json","",
JSONTAGS,102,"Info","","Block file","/loot_tables/blocks/diamond_rail.json","",
JSONTAGS,102,"Info","","Block file","/loot_tables/blocks/emerald_rail.json","",
JSONTAGS,102,"Info","","Block file","/loot_tables/blocks/golden_rail.json","",
JSONTAGS,102,"Info","","Block file","/loot_tables/blocks/iron_rail.json","",
JSONTAGS,102,"Info","","Block file","/AutoMiner_BP/blocks/copper_rail.json","/AutoMiner_BP/blocks/copper_rail.json",blockDefaultComponents minecraftDestructible,1,blockDefaultComponents minecraftBreakInfo,1,blockDefaultComponents minecraftLoot,1,blockDefaultComponents minecraftWaterlogged,1,
JSONTAGS,102,"Info","","Block file","/AutoMiner_BP/blocks/diamond_rail.json","/AutoMiner_BP/blocks/diamond_rail.json",blockDefaultComponents minecraftDestructible,1,blockDefaultComponents minecraftBreakInfo,1,blockDefaultComponents minecraftLoot,1,blockDefaultComponents minecraftStepSound,1,blockDefaultComponents minecraftWaterlogged,1,
JSONTAGS,102,"Info","","Block file","/AutoMiner_BP/blocks/emerald_rail.json","/AutoMiner_BP/blocks/emerald_rail.json",blockDefaultComponents minecraftDestructible,1,blockDefaultComponents minecraftBreakInfo,1,blockDefaultComponents minecraftLoot,1,blockDefaultComponents minecraftWaterlogged,1,
JSONTAGS,102,"Info","","Block file","/AutoMiner_BP/blocks/golden_rail.json","/AutoMiner_BP/blocks/golden_rail.json",blockDefaultComponents minecraftDestructible,1,blockDefaultComponents minecraftBreakInfo,1,blockDefaultComponents minecraftLoot,1,blockDefaultComponents minecraftWaterlogged,1,
JSONTAGS,102,"Info","","Block file","/AutoMiner_BP/blocks/iron_rail.json","/AutoMiner_BP/blocks/iron_rail.json",blockDefaultComponents minecraftDestructible,1,blockDefaultComponents minecraftBreakInfo,1,blockDefaultComponents minecraftLoot,1,blockDefaultComponents minecraftWaterlogged,1,
JSONTAGS,102,"Info","","Block file","/AutoMiner_BP/loot_tables/blocks/copper_rail.json","/AutoMiner_BP/loot_tables/blocks/copper_rail.json",
JSONTAGS,102,"Info","","Block file","/AutoMiner_BP/loot_tables/blocks/diamond_rail.json","/AutoMiner_BP/loot_tables/blocks/diamond_rail.json",
JSONTAGS,102,"Info","","Block file","/AutoMiner_BP/loot_tables/blocks/emerald_rail.json","/AutoMiner_BP/loot_tables/blocks/emerald_rail.json",
JSONTAGS,102,"Info","","Block file","/AutoMiner_BP/loot_tables/blocks/golden_rail.json","/AutoMiner_BP/loot_tables/blocks/golden_rail.json",
JSONTAGS,102,"Info","","Block file","/AutoMiner_BP/loot_tables/blocks/iron_rail.json","/AutoMiner_BP/loot_tables/blocks/iron_rail.json",
JSONTAGS,103,"Info","","Item file","/items/advanced_minecart.item.json","",components minecraftMaxStackSize,1,components minecraftGlint,1,components minecraftIcon,1,components minecraftEntityPlacer,1,
JSONTAGS,103,"Info","","Item file","/items/auto_miner.item.json","",components minecraftMaxStackSize,1,components minecraftIcon,1,components minecraftCustomComponents,1,components minecraftDurability,1,components minecraftRepairable,1,
JSONTAGS,103,"Info","","Item file","/items/copper_drill.json","",components minecraftMaxStackSize,1,components minecraftIcon,1,components minecraftDurability,1,components minecraftRepairable,1,
JSONTAGS,103,"Info","","Item file","/items/copper_rail.json","",components minecraftMaxStackSize,1,components minecraftIcon,1,
JSONTAGS,103,"Info","","Item file","/items/diamond_drill.json","",components minecraftMaxStackSize,1,components minecraftIcon,1,components minecraftDurability,1,components minecraftRepairable,1,
JSONTAGS,103,"Info","","Item file","/items/diamond_rail.json","",components minecraftMaxStackSize,1,components minecraftIcon,1,
JSONTAGS,103,"Info","","Item file","/items/emerald_rail.json","",components minecraftMaxStackSize,1,components minecraftIcon,1,
JSONTAGS,103,"Info","","Item file","/items/gold_drill.json","",components minecraftMaxStackSize,1,components minecraftIcon,1,components minecraftDurability,1,components minecraftRepairable,1,
JSONTAGS,103,"Info","","Item file","/items/golden_rail.json","",components minecraftMaxStackSize,1,components minecraftIcon,1,
JSONTAGS,103,"Info","","Item file","/items/iron_drill.json","",components minecraftMaxStackSize,1,components minecraftIcon,1,components minecraftDurability,1,components minecraftRepairable,1,
JSONTAGS,103,"Info","","Item file","/items/iron_rail.json","",components minecraftMaxStackSize,1,components minecraftIcon,1,
JSONTAGS,103,"Info","","Item file","/items/stone_drill.json","",components minecraftMaxStackSize,1,components minecraftIcon,1,components minecraftDurability,1,components minecraftRepairable,1,
JSONTAGS,103,"Info","","Item file","/AutoMiner_BP/items/advanced_minecart.item.json","/AutoMiner_BP/items/advanced_minecart.item.json",components minecraftMaxStackSize,1,components minecraftGlint,1,components minecraftIcon,1,components minecraftEntityPlacer,1,
JSONTAGS,103,"Info","","Item file","/AutoMiner_BP/items/auto_miner.item.json","/AutoMiner_BP/items/auto_miner.item.json",components minecraftMaxStackSize,1,components minecraftIcon,1,components minecraftCustomComponents,1,components minecraftDurability,1,components minecraftRepairable,1,
JSONTAGS,103,"Info","","Item file","/AutoMiner_BP/items/copper_drill.json","/AutoMiner_BP/items/copper_drill.json",components minecraftMaxStackSize,1,components minecraftIcon,1,components minecraftDurability,1,components minecraftRepairable,1,
JSONTAGS,103,"Info","","Item file","/AutoMiner_BP/items/copper_rail.json","/AutoMiner_BP/items/copper_rail.json",components minecraftMaxStackSize,1,components minecraftIcon,1,
JSONTAGS,103,"Info","","Item file","/AutoMiner_BP/items/diamond_drill.json","/AutoMiner_BP/items/diamond_drill.json",components minecraftMaxStackSize,1,components minecraftIcon,1,components minecraftDurability,1,components minecraftRepairable,1,
JSONTAGS,103,"Info","","Item file","/AutoMiner_BP/items/diamond_rail.json","/AutoMiner_BP/items/diamond_rail.json",components minecraftMaxStackSize,1,components minecraftIcon,1,
JSONTAGS,103,"Info","","Item file","/AutoMiner_BP/items/emerald_rail.json","/AutoMiner_BP/items/emerald_rail.json",components minecraftMaxStackSize,1,components minecraftIcon,1,
JSONTAGS,103,"Info","","Item file","/AutoMiner_BP/items/gold_drill.json","/AutoMiner_BP/items/gold_drill.json",components minecraftMaxStackSize,1,components minecraftIcon,1,components minecraftDurability,1,components minecraftRepairable,1,
JSONTAGS,103,"Info","","Item file","/AutoMiner_BP/items/golden_rail.json","/AutoMiner_BP/items/golden_rail.json",components minecraftMaxStackSize,1,components minecraftIcon,1,
JSONTAGS,103,"Info","","Item file","/AutoMiner_BP/items/iron_drill.json","/AutoMiner_BP/items/iron_drill.json",components minecraftMaxStackSize,1,components minecraftIcon,1,components minecraftDurability,1,components minecraftRepairable,1,
JSONTAGS,103,"Info","","Item file","/AutoMiner_BP/items/iron_rail.json","/AutoMiner_BP/items/iron_rail.json",components minecraftMaxStackSize,1,components minecraftIcon,1,
JSONTAGS,103,"Info","","Item file","/AutoMiner_BP/items/stone_drill.json","/AutoMiner_BP/items/stone_drill.json",components minecraftMaxStackSize,1,components minecraftIcon,1,components minecraftDurability,1,components minecraftRepairable,1,
JSONTAGS,105,"Info","","Item texture file","/textures/item_texture.json","",
JSONTAGS,105,"Info","","Item texture file","/AutoMiner_RP/textures/item_texture.json","/AutoMiner_RP/textures/item_texture.json",
JSONTAGS,108,"Info","","Sounds file","/AutoMiner_RP/sounds.json","/AutoMiner_RP/sounds.json",
JSONTAGS,111,"Info","","Particle file","/AutoMiner_RP/particles/auto_miner_particles.json","/AutoMiner_RP/particles/auto_miner_particles.json",particleEmitterComponents minecraftEmitterRateSteady,1,particleEmitterComponents minecraftEmitterLifetimeLooping,1,particleEmitterComponents minecraftEmitterShapeCustom,1,particleComponents minecraftParticleLifetimeExpression,1,particleComponents minecraftParticleInitialSpeed,1,particleComponents minecraftParticleMotionDynamic,1,particleComponents minecraftParticleAppearanceBillboard,1,particleComponents minecraftParticleAppearanceTinting,1,particleComponents minecraftParticleAppearanceLighting,1,
LINESIZE,1,"Test success","","File Line/Size Information completed successfully",,"",
MCFUNCTION,2,"Unknown","","No applicable items found for test MC Function Validation (MCFUNCTION)",,"",
MINENGINEVER,1,"Test success","","Min Engine Version completed successfully",,"",
MINENGINEVER,605,"Info","","Behavior pack manifest min_engine_version",1,21,30,"/AutoMiner_BP/manifest.json",
MINENGINEVER,605,"Info","","Behavior pack manifest min_engine_version",1,21,30,"/Auto_Miner_1_0_2__v1.0.1.zip#/manifest.json",
MINENGINEVER,614,"Info","","Resource pack manifest format_version",1,21,30,"/AutoMiner_1_0_2__v1.0.2.zip#/manifest.json",
MINENGINEVER,614,"Info","","Resource pack manifest format_version",1,21,30,"/AutoMiner_RP/manifest.json",
NOBOM,1,"Test success","","No Byte Order Mark allowed in json file. completed successfully",,"",
PACK,1,"Test success","","General info completed successfully",,"",
PACK,104,"Info","","Behavior Pack Name","Auto Miner [1.0.2]","/AutoMiner_BP/manifest.json",
PACK,104,"Info","","Behavior Pack Name","Auto Miner [1.0.2]","/Auto_Miner_1_0_2__v1.0.1.zip#/manifest.json",
PACK,105,"Info","","Behavior Pack Description","CocoaWarrior's Auto Miner","/AutoMiner_BP/manifest.json",
PACK,105,"Info","","Behavior Pack Description","CocoaWarrior's Auto Miner","/Auto_Miner_1_0_2__v1.0.1.zip#/manifest.json",
PACK,106,"Info","","Behavior Pack Id","2e839411-4a0e-4cee-b106-33d5bde91193|1.0.1","/AutoMiner_BP/manifest.json",
PACK,106,"Info","","Behavior Pack Id","2e839411-4a0e-4cee-b106-33d5bde91193|1.0.1","/Auto_Miner_1_0_2__v1.0.1.zip#/manifest.json",
PACK,107,"Info","","Behavior Pack Min Engine Version",2,"/AutoMiner_BP/manifest.json",
PACK,107,"Info","","Behavior Pack Min Engine Version",1,21,30,"/AutoMiner_BP/manifest.json",
PACK,107,"Info","","Behavior Pack Min Engine Version",2,"/Auto_Miner_1_0_2__v1.0.1.zip#/manifest.json",
PACK,107,"Info","","Behavior Pack Min Engine Version",1,21,30,"/Auto_Miner_1_0_2__v1.0.1.zip#/manifest.json",
PACK,108,"Info","","Behavior Pack Uuid","2e839411-4a0e-4cee-b106-33d5bde91193","/AutoMiner_BP/manifest.json",
PACK,108,"Info","","Behavior Pack Uuid","2e839411-4a0e-4cee-b106-33d5bde91193","/Auto_Miner_1_0_2__v1.0.1.zip#/manifest.json",
PACK,109,"Info","","Behavior Pack Manifest",,"/AutoMiner_BP/manifest.json",
PACK,109,"Info","","Behavior Pack Manifest",,"/Auto_Miner_1_0_2__v1.0.1.zip#/manifest.json",
PACK,111,"Info","","Resource Pack Min Engine Version",1,21,30,"/AutoMiner_1_0_2__v1.0.2.zip#/manifest.json",
PACK,111,"Info","","Resource Pack Min Engine Version",1,21,30,"/AutoMiner_RP/manifest.json",
PACK,112,"Info","","Resource Pack Uuid","368af99b-0257-4d18-86ba-056ddbaf52d1","/AutoMiner_1_0_2__v1.0.2.zip#/manifest.json",
PACK,112,"Info","","Resource Pack Uuid","368af99b-0257-4d18-86ba-056ddbaf52d1","/AutoMiner_RP/manifest.json",
PACK,113,"Info","","Resource Pack Manifest",,"/AutoMiner_1_0_2__v1.0.2.zip#/manifest.json",
PACK,113,"Info","","Resource Pack Manifest",,"/AutoMiner_RP/manifest.json",
PACK,114,"Info","","Resource Pack Name","AutoMiner [1.0.2]","/AutoMiner_1_0_2__v1.0.2.zip#/manifest.json",
PACK,114,"Info","","Resource Pack Name","AutoMiner [1.0.2]","/AutoMiner_RP/manifest.json",
PACK,115,"Info","","Resource Pack Description","CocoaWarrior's Auto Miner Resources","/AutoMiner_1_0_2__v1.0.2.zip#/manifest.json",
PACK,115,"Info","","Resource Pack Description","CocoaWarrior's Auto Miner Resources","/AutoMiner_RP/manifest.json",
PACK,116,"Info","","Resource Pack Id","368af99b-0257-4d18-86ba-056ddbaf52d1|1.0.2","/AutoMiner_1_0_2__v1.0.2.zip#/manifest.json",
PACK,116,"Info","","Resource Pack Id","368af99b-0257-4d18-86ba-056ddbaf52d1|1.0.2","/AutoMiner_RP/manifest.json",
PACK,117,"Info","","Resource Pack Format Version",2,"/AutoMiner_1_0_2__v1.0.2.zip#/manifest.json",
PACK,117,"Info","","Resource Pack Format Version",2,"/AutoMiner_RP/manifest.json",
PACKMETADATA,1,"Test success","","General info completed successfully",,"",
PACKSIZE,1,"Test success","","Pack Size Information completed successfully",,"",
PATHLENGTH,1,"Test success","","Path Length completed successfully",,"",
PATHLENGTH,104,"Recommendation","","File path contains non-lowercase letters","/AutoMiner_1_0_2__v1.0.2.zip","",
PATHLENGTH,104,"Recommendation","","File path contains non-lowercase letters","/Auto_Miner_1_0_2__v1.0.1.zip","",
PATHLENGTH,104,"Recommendation","","File path contains non-lowercase letters","/MineCraftInstructions.md","",
PATHLENGTH,104,"Recommendation","","File path contains non-lowercase letters","scripts/machine/autoMiner.js","",
PATHLENGTH,104,"Recommendation","","File path contains non-lowercase letters","scripts/mob/angerEndermen.js","",
PATHLENGTH,104,"Recommendation","","File path contains non-lowercase letters","scripts/mob/castFire.js","",
PATHLENGTH,104,"Recommendation","","File path contains non-lowercase letters","scripts/mob/endSpawns.js","",
PATHLENGTH,104,"Recommendation","","File path contains non-lowercase letters","scripts/mob/enderTeleport.js","",
PATHLENGTH,104,"Recommendation","","File path contains non-lowercase letters","scripts/mob/ogreLaugh.js","",
PATHLENGTH,104,"Recommendation","","File path contains non-lowercase letters","scripts/mob/shootWeb.js","",
PATHLENGTH,104,"Recommendation","","File path contains non-lowercase letters","scripts/mob/throwBy.js","",
PATHLENGTH,104,"Recommendation","","File path contains non-lowercase letters","scripts/player/armorCurve.js","",
PATHLENGTH,104,"Recommendation","","File path contains non-lowercase letters","scripts/player/armorWeight.js","",
PATHLENGTH,104,"Recommendation","","File path contains non-lowercase letters","scripts/player/consumeXp.js","",
PATHLENGTH,104,"Recommendation","","File path contains non-lowercase letters","scripts/player/healFromItem.js","",
PATHLENGTH,104,"Recommendation","","File path contains non-lowercase letters","scripts/player/playerHungerHeal.js","",
PATHLENGTH,104,"Recommendation","","File path contains non-lowercase letters","scripts/util/matchFunctions.js","",
PATHLENGTH,104,"Recommendation","","File path contains non-lowercase letters","scripts/util/mathFunctions.js","",
PATHLENGTH,104,"Recommendation","","File path contains non-lowercase letters","scripts/util/throwBy.js","",
PATHLENGTH,104,"Recommendation","","File path contains non-lowercase letters","scripts/util/vector2Functions.js","",
PATHLENGTH,104,"Recommendation","","File path contains non-lowercase letters","scripts/util/vector3Functions.js","",
PATHLENGTH,104,"Recommendation","","File path contains non-lowercase letters","src/machine/autoMiner.ts","",
PATHLENGTH,104,"Recommendation","","File path contains non-lowercase letters","src/util/mathFunctions.ts","",
PATHLENGTH,104,"Recommendation","","File path contains non-lowercase letters","src/util/vector2Functions.ts","",
PATHLENGTH,104,"Recommendation","","File path contains non-lowercase letters","src/util/vector3Functions.ts","",
PATHLENGTH,104,"Recommendation","","File path contains non-lowercase letters","machine/autoMiner.js","/Auto_Miner_1_0_2__v1.0.1.zip#/scripts/machine/autoMiner.js",
PATHLENGTH,104,"Recommendation","","File path contains non-lowercase letters","mob/angerEndermen.js","/Auto_Miner_1_0_2__v1.0.1.zip#/scripts/mob/angerEndermen.js",
PATHLENGTH,104,"Recommendation","","File path contains non-lowercase letters","mob/castFire.js","/Auto_Miner_1_0_2__v1.0.1.zip#/scripts/mob/castFire.js",
PATHLENGTH,104,"Recommendation","","File path contains non-lowercase letters","mob/endSpawns.js","/Auto_Miner_1_0_2__v1.0.1.zip#/scripts/mob/endSpawns.js",
PATHLENGTH,104,"Recommendation","","File path contains non-lowercase letters","mob/enderTeleport.js","/Auto_Miner_1_0_2__v1.0.1.zip#/scripts/mob/enderTeleport.js",
PATHLENGTH,104,"Recommendation","","File path contains non-lowercase letters","mob/ogreLaugh.js","/Auto_Miner_1_0_2__v1.0.1.zip#/scripts/mob/ogreLaugh.js",
PATHLENGTH,104,"Recommendation","","File path contains non-lowercase letters","mob/shootWeb.js","/Auto_Miner_1_0_2__v1.0.1.zip#/scripts/mob/shootWeb.js",
PATHLENGTH,104,"Recommendation","","File path contains non-lowercase letters","mob/throwBy.js","/Auto_Miner_1_0_2__v1.0.1.zip#/scripts/mob/throwBy.js",
PATHLENGTH,104,"Recommendation","","File path contains non-lowercase letters","player/armorCurve.js","/Auto_Miner_1_0_2__v1.0.1.zip#/scripts/player/armorCurve.js",
PATHLENGTH,104,"Recommendation","","File path contains non-lowercase letters","player/armorWeight.js","/Auto_Miner_1_0_2__v1.0.1.zip#/scripts/player/armorWeight.js",
PATHLENGTH,104,"Recommendation","","File path contains non-lowercase letters","player/consumeXp.js","/Auto_Miner_1_0_2__v1.0.1.zip#/scripts/player/consumeXp.js",
PATHLENGTH,104,"Recommendation","","File path contains non-lowercase letters","player/healFromItem.js","/Auto_Miner_1_0_2__v1.0.1.zip#/scripts/player/healFromItem.js",
PATHLENGTH,104,"Recommendation","","File path contains non-lowercase letters","player/playerHungerHeal.js","/Auto_Miner_1_0_2__v1.0.1.zip#/scripts/player/playerHungerHeal.js",
PATHLENGTH,104,"Recommendation","","File path contains non-lowercase letters","util/matchFunctions.js","/Auto_Miner_1_0_2__v1.0.1.zip#/scripts/util/matchFunctions.js",
PATHLENGTH,104,"Recommendation","","File path contains non-lowercase letters","util/mathFunctions.js","/Auto_Miner_1_0_2__v1.0.1.zip#/scripts/util/mathFunctions.js",
PATHLENGTH,104,"Recommendation","","File path contains non-lowercase letters","util/throwBy.js","/Auto_Miner_1_0_2__v1.0.1.zip#/scripts/util/throwBy.js",
PATHLENGTH,104,"Recommendation","","File path contains non-lowercase letters","util/vector2Functions.js","/Auto_Miner_1_0_2__v1.0.1.zip#/scripts/util/vector2Functions.js",
PATHLENGTH,104,"Recommendation","","File path contains non-lowercase letters","util/vector3Functions.js","/Auto_Miner_1_0_2__v1.0.1.zip#/scripts/util/vector3Functions.js",
PRJINT,1,"Test success","","Project Integrity completed successfully",,"",
RESOURCEANIMATION,1,"Test success","","Resource Animation completed successfully",,"",
RPDEPENDS,1,"Test success","","Resource Pack Dependencies completed successfully",,"",
SCRIPT,1,"Test success","","Script completed successfully",,"",
SCRIPTMODULE,1,"Test success","","Script Modules completed successfully",,"",
SCRIPTMODULE,100,"Info","","Behavior pack dependency on 1.16.0 at @minecraft/server","1.16.0","/AutoMiner_BP/manifest.json",
SCRIPTMODULE,100,"Info","","Behavior pack dependency on 1.16.0 at @minecraft/server","1.16.0","/Auto_Miner_1_0_2__v1.0.1.zip#/manifest.json",
SCRIPTMODULE,101,"Info","","Package.json registers usage of @minecraft/server at ^1.16.0","^1.16.0","/AutoMiner_BP/package.json",
SCRIPTMODULE,101,"Info","","Package.json registers usage of @minecraft/server-ui at ^1.3.0","^1.3.0","/AutoMiner_BP/package.json",
SNDSDEF,2,"Unknown","","No applicable items found for test Sound Definitions (SNDSDEF)",,"",
STRICT,1,"Test success","","Strict Platform completed successfully",,"",
STRICT,101,"Warning","","Uses a runtime_identifier override","minecraft:minecart","/AutoMiner_BP/entities/advanced_minecart.json",
SUMMARY,1,"Test success","","Summary Information completed successfully",,"",
TEXTURE,1,"Test success","","Texture Validation completed successfully",,"",
TEXTUREIMAGE,1,"Test success","","Texture Image Validation completed successfully",,"",
TEXTUREREF,1,"Test success","","Texture References completed successfully",,"",
TYPES,1,"Test success","","Types Info Aggregation completed successfully",,"",
UNKFILE,1,"Test success","","Unknown files completed successfully",,"",
UNKJSON,1,"Test success","","Unknown JSON completed successfully",,"",
UNLINK,1,"Test success","","Unlinked Items completed successfully",,"",
UNLINK,191,"Warning","","Texture does not have any items in this pack that are using this.",,"/AutoMiner_1_0_2__v1.0.2.zip#/textures/entity/minere/advanced_minecart.png",
UNLINK,191,"Warning","","Texture does not have any items in this pack that are using this.",,"/AutoMiner_1_0_2__v1.0.2.zip#/textures/entity/minere/auto_miner.png",
UNLINK,205,"Recommendation","","Link to vanilla texture item; avoid if possible","textures/particle/particles","/AutoMiner_RP/particles/auto_miner_particles.json",
UNLINK,323,"Warning","","Link to item type is not found in this pack","/AutoMiner_BP/recipes/advanced_minecart.json to `minecraft:amethyst_shard`","/AutoMiner_BP/recipes/advanced_minecart.json",
UNLINK,323,"Warning","","Link to item type is not found in this pack","/AutoMiner_BP/recipes/advanced_minecart.json to `minecraft:minecart`","/AutoMiner_BP/recipes/advanced_minecart.json",
UNLINK,323,"Warning","","Link to item type is not found in this pack","/AutoMiner_BP/recipes/auto_miner.json to `minecraft:blast_furnace`","/AutoMiner_BP/recipes/auto_miner.json",
UNLINK,323,"Warning","","Link to item type is not found in this pack","/AutoMiner_BP/recipes/auto_miner.json to `minecraft:chest_minecart`","/AutoMiner_BP/recipes/auto_miner.json",
UNLINK,323,"Warning","","Link to item type is not found in this pack","/AutoMiner_BP/recipes/auto_miner.json to `minecraft:hopper_minecart`","/AutoMiner_BP/recipes/auto_miner.json",
UNLINK,323,"Warning","","Link to item type is not found in this pack","/AutoMiner_BP/recipes/auto_miner.json to `minecraft:piston`","/AutoMiner_BP/recipes/auto_miner.json",
UNLINK,323,"Warning","","Link to item type is not found in this pack","/AutoMiner_BP/recipes/auto_miner.json to `minecraft:redstone`","/AutoMiner_BP/recipes/auto_miner.json",
UNLINK,323,"Warning","","Link to item type is not found in this pack","/AutoMiner_BP/recipes/copper_drill.json to `minecraft:copper_ingot`","/AutoMiner_BP/recipes/copper_drill.json",
UNLINK,323,"Warning","","Link to item type is not found in this pack","/AutoMiner_BP/recipes/copper_drill.json to `minecraft:stick`","/AutoMiner_BP/recipes/copper_drill.json",
UNLINK,323,"Warning","","Link to item type is not found in this pack","/AutoMiner_BP/recipes/copper_rail.json to `minecraft:copper_ingot`","/AutoMiner_BP/recipes/copper_rail.json",
UNLINK,323,"Warning","","Link to item type is not found in this pack","/AutoMiner_BP/recipes/copper_rail.json to `minecraft:stick`","/AutoMiner_BP/recipes/copper_rail.json",
UNLINK,323,"Warning","","Link to item type is not found in this pack","/AutoMiner_BP/recipes/diamond_drill.json to `minecraft:diamond`","/AutoMiner_BP/recipes/diamond_drill.json",
UNLINK,323,"Warning","","Link to item type is not found in this pack","/AutoMiner_BP/recipes/diamond_drill.json to `minecraft:iron_ingot`","/AutoMiner_BP/recipes/diamond_drill.json",
UNLINK,323,"Warning","","Link to item type is not found in this pack","/AutoMiner_BP/recipes/diamond_rail.json to `minecraft:diamond`","/AutoMiner_BP/recipes/diamond_rail.json",
UNLINK,323,"Warning","","Link to item type is not found in this pack","/AutoMiner_BP/recipes/diamond_rail.json to `minecraft:stick`","/AutoMiner_BP/recipes/diamond_rail.json",
UNLINK,323,"Warning","","Link to item type is not found in this pack","/AutoMiner_BP/recipes/emerald_rail.json to `minecraft:emerald`","/AutoMiner_BP/recipes/emerald_rail.json",
UNLINK,323,"Warning","","Link to item type is not found in this pack","/AutoMiner_BP/recipes/emerald_rail.json to `minecraft:stick`","/AutoMiner_BP/recipes/emerald_rail.json",
UNLINK,323,"Warning","","Link to item type is not found in this pack","/AutoMiner_BP/recipes/gold_drill.json to `minecraft:gold_ingot`","/AutoMiner_BP/recipes/gold_drill.json",
UNLINK,323,"Warning","","Link to item type is not found in this pack","/AutoMiner_BP/recipes/gold_drill.json to `minecraft:stick`","/AutoMiner_BP/recipes/gold_drill.json",
UNLINK,323,"Warning","","Link to item type is not found in this pack","/AutoMiner_BP/recipes/golden_rail.json to `minecraft:gold_ingot`","/AutoMiner_BP/recipes/golden_rail.json",
UNLINK,323,"Warning","","Link to item type is not found in this pack","/AutoMiner_BP/recipes/golden_rail.json to `minecraft:stick`","/AutoMiner_BP/recipes/golden_rail.json",
UNLINK,323,"Warning","","Link to item type is not found in this pack","/AutoMiner_BP/recipes/iron_drill.json to `minecraft:iron_ingot`","/AutoMiner_BP/recipes/iron_drill.json",
UNLINK,323,"Warning","","Link to item type is not found in this pack","/AutoMiner_BP/recipes/iron_rail.json to `minecraft:iron_ingot`","/AutoMiner_BP/recipes/iron_rail.json",
UNLINK,323,"Warning","","Link to item type is not found in this pack","/AutoMiner_BP/recipes/iron_rail.json to `minecraft:stick`","/AutoMiner_BP/recipes/iron_rail.json",
UNLINK,323,"Warning","","Link to item type is not found in this pack","/AutoMiner_BP/recipes/stone_drill.json to `minecraft:cobblestone`","/AutoMiner_BP/recipes/stone_drill.json",
UNLINK,323,"Warning","","Link to item type is not found in this pack","/AutoMiner_BP/recipes/stone_drill.json to `minecraft:stick`","/AutoMiner_BP/recipes/stone_drill.json",
UNLINK,323,"Warning","","Link to item type is not found in this pack","/Auto_Miner_1_0_2__v1.0.1.zip#/recipes/advanced_minecart.json to `minecraft:amethyst_shard`","/Auto_Miner_1_0_2__v1.0.1.zip#/recipes/advanced_minecart.json",
UNLINK,323,"Warning","","Link to item type is not found in this pack","/Auto_Miner_1_0_2__v1.0.1.zip#/recipes/advanced_minecart.json to `minecraft:minecart`","/Auto_Miner_1_0_2__v1.0.1.zip#/recipes/advanced_minecart.json",
UNLINK,323,"Warning","","Link to item type is not found in this pack","/Auto_Miner_1_0_2__v1.0.1.zip#/recipes/auto_miner.json to `minecraft:blast_furnace`","/Auto_Miner_1_0_2__v1.0.1.zip#/recipes/auto_miner.json",
UNLINK,323,"Warning","","Link to item type is not found in this pack","/Auto_Miner_1_0_2__v1.0.1.zip#/recipes/auto_miner.json to `minecraft:chest_minecart`","/Auto_Miner_1_0_2__v1.0.1.zip#/recipes/auto_miner.json",
UNLINK,323,"Warning","","Link to item type is not found in this pack","/Auto_Miner_1_0_2__v1.0.1.zip#/recipes/auto_miner.json to `minecraft:hopper_minecart`","/Auto_Miner_1_0_2__v1.0.1.zip#/recipes/auto_miner.json",
UNLINK,323,"Warning","","Link to item type is not found in this pack","/Auto_Miner_1_0_2__v1.0.1.zip#/recipes/auto_miner.json to `minecraft:piston`","/Auto_Miner_1_0_2__v1.0.1.zip#/recipes/auto_miner.json",
UNLINK,323,"Warning","","Link to item type is not found in this pack","/Auto_Miner_1_0_2__v1.0.1.zip#/recipes/auto_miner.json to `minecraft:redstone`","/Auto_Miner_1_0_2__v1.0.1.zip#/recipes/auto_miner.json",
UNLINK,323,"Warning","","Link to item type is not found in this pack","/Auto_Miner_1_0_2__v1.0.1.zip#/recipes/copper_drill.json to `minecraft:copper_ingot`","/Auto_Miner_1_0_2__v1.0.1.zip#/recipes/copper_drill.json",
UNLINK,323,"Warning","","Link to item type is not found in this pack","/Auto_Miner_1_0_2__v1.0.1.zip#/recipes/copper_drill.json to `minecraft:stick`","/Auto_Miner_1_0_2__v1.0.1.zip#/recipes/copper_drill.json",
UNLINK,323,"Warning","","Link to item type is not found in this pack","/Auto_Miner_1_0_2__v1.0.1.zip#/recipes/copper_rail.json to `minecraft:copper_ingot`","/Auto_Miner_1_0_2__v1.0.1.zip#/recipes/copper_rail.json",
UNLINK,323,"Warning","","Link to item type is not found in this pack","/Auto_Miner_1_0_2__v1.0.1.zip#/recipes/copper_rail.json to `minecraft:stick`","/Auto_Miner_1_0_2__v1.0.1.zip#/recipes/copper_rail.json",
UNLINK,323,"Warning","","Link to item type is not found in this pack","/Auto_Miner_1_0_2__v1.0.1.zip#/recipes/diamond_drill.json to `minecraft:diamond`","/Auto_Miner_1_0_2__v1.0.1.zip#/recipes/diamond_drill.json",
UNLINK,323,"Warning","","Link to item type is not found in this pack","/Auto_Miner_1_0_2__v1.0.1.zip#/recipes/diamond_drill.json to `minecraft:iron_ingot`","/Auto_Miner_1_0_2__v1.0.1.zip#/recipes/diamond_drill.json",
UNLINK,323,"Warning","","Link to item type is not found in this pack","/Auto_Miner_1_0_2__v1.0.1.zip#/recipes/diamond_rail.json to `minecraft:diamond`","/Auto_Miner_1_0_2__v1.0.1.zip#/recipes/diamond_rail.json",
UNLINK,323,"Warning","","Link to item type is not found in this pack","/Auto_Miner_1_0_2__v1.0.1.zip#/recipes/diamond_rail.json to `minecraft:stick`","/Auto_Miner_1_0_2__v1.0.1.zip#/recipes/diamond_rail.json",
UNLINK,323,"Warning","","Link to item type is not found in this pack","/Auto_Miner_1_0_2__v1.0.1.zip#/recipes/emerald_rail.json to `minecraft:emerald`","/Auto_Miner_1_0_2__v1.0.1.zip#/recipes/emerald_rail.json",
UNLINK,323,"Warning","","Link to item type is not found in this pack","/Auto_Miner_1_0_2__v1.0.1.zip#/recipes/emerald_rail.json to `minecraft:stick`","/Auto_Miner_1_0_2__v1.0.1.zip#/recipes/emerald_rail.json",
UNLINK,323,"Warning","","Link to item type is not found in this pack","/Auto_Miner_1_0_2__v1.0.1.zip#/recipes/gold_drill.json to `minecraft:gold_ingot`","/Auto_Miner_1_0_2__v1.0.1.zip#/recipes/gold_drill.json",
UNLINK,323,"Warning","","Link to item type is not found in this pack","/Auto_Miner_1_0_2__v1.0.1.zip#/recipes/gold_drill.json to `minecraft:stick`","/Auto_Miner_1_0_2__v1.0.1.zip#/recipes/gold_drill.json",
UNLINK,323,"Warning","","Link to item type is not found in this pack","/Auto_Miner_1_0_2__v1.0.1.zip#/recipes/golden_rail.json to `minecraft:gold_ingot`","/Auto_Miner_1_0_2__v1.0.1.zip#/recipes/golden_rail.json",
UNLINK,323,"Warning","","Link to item type is not found in this pack","/Auto_Miner_1_0_2__v1.0.1.zip#/recipes/golden_rail.json to `minecraft:stick`","/Auto_Miner_1_0_2__v1.0.1.zip#/recipes/golden_rail.json",
UNLINK,323,"Warning","","Link to item type is not found in this pack","/Auto_Miner_1_0_2__v1.0.1.zip#/recipes/iron_drill.json to `minecraft:iron_ingot`","/Auto_Miner_1_0_2__v1.0.1.zip#/recipes/iron_drill.json",
UNLINK,323,"Warning","","Link to item type is not found in this pack","/Auto_Miner_1_0_2__v1.0.1.zip#/recipes/iron_rail.json to `minecraft:iron_ingot`","/Auto_Miner_1_0_2__v1.0.1.zip#/recipes/iron_rail.json",
UNLINK,323,"Warning","","Link to item type is not found in this pack","/Auto_Miner_1_0_2__v1.0.1.zip#/recipes/iron_rail.json to `minecraft:stick`","/Auto_Miner_1_0_2__v1.0.1.zip#/recipes/iron_rail.json",
UNLINK,323,"Warning","","Link to item type is not found in this pack","/Auto_Miner_1_0_2__v1.0.1.zip#/recipes/stone_drill.json to `minecraft:cobblestone`","/Auto_Miner_1_0_2__v1.0.1.zip#/recipes/stone_drill.json",
UNLINK,323,"Warning","","Link to item type is not found in this pack","/Auto_Miner_1_0_2__v1.0.1.zip#/recipes/stone_drill.json to `minecraft:stick`","/Auto_Miner_1_0_2__v1.0.1.zip#/recipes/stone_drill.json",
UNLINK,351,"Warning","","Link to sound catalog is not found in this pack","/AutoMiner_RP/sounds.json to `machine.auto_miner.hit`","/AutoMiner_RP/sounds.json",
UNLINK,399,"Warning","","Link to texture is not found in this pack","/AutoMiner_1_0_2__v1.0.2.zip#/textures/item_texture.json to `textures/items/minere/copper_rail`","/AutoMiner_1_0_2__v1.0.2.zip#/textures/item_texture.json",
UNLINK,399,"Warning","","Link to texture is not found in this pack","/AutoMiner_1_0_2__v1.0.2.zip#/textures/item_texture.json to `textures/items/minere/diamond_rail`","/AutoMiner_1_0_2__v1.0.2.zip#/textures/item_texture.json",
UNLINK,399,"Warning","","Link to texture is not found in this pack","/AutoMiner_1_0_2__v1.0.2.zip#/textures/item_texture.json to `textures/items/minere/emerald_rail`","/AutoMiner_1_0_2__v1.0.2.zip#/textures/item_texture.json",
UNLINK,399,"Warning","","Link to texture is not found in this pack","/AutoMiner_1_0_2__v1.0.2.zip#/textures/item_texture.json to `textures/items/minere/golden_rail`","/AutoMiner_1_0_2__v1.0.2.zip#/textures/item_texture.json",
UNLINK,399,"Warning","","Link to texture is not found in this pack","/AutoMiner_1_0_2__v1.0.2.zip#/textures/item_texture.json to `textures/items/minere/iron_rail`","/AutoMiner_1_0_2__v1.0.2.zip#/textures/item_texture.json",
UNLINK,399,"Warning","","Link to texture is not found in this pack","/AutoMiner_RP/textures/item_texture.json to `textures/items/minere/copper_rail`","/AutoMiner_RP/textures/item_texture.json",
UNLINK,399,"Warning","","Link to texture is not found in this pack","/AutoMiner_RP/textures/item_texture.json to `textures/items/minere/diamond_rail`","/AutoMiner_RP/textures/item_texture.json",
UNLINK,399,"Warning","","Link to texture is not found in this pack","/AutoMiner_RP/textures/item_texture.json to `textures/items/minere/emerald_rail`","/AutoMiner_RP/textures/item_texture.json",
UNLINK,399,"Warning","","Link to texture is not found in this pack","/AutoMiner_RP/textures/item_texture.json to `textures/items/minere/golden_rail`","/AutoMiner_RP/textures/item_texture.json",
UNLINK,399,"Warning","","Link to texture is not found in this pack","/AutoMiner_RP/textures/item_texture.json to `textures/items/minere/iron_rail`","/AutoMiner_RP/textures/item_texture.json",
VALFILE,2,"Unknown","","No applicable items found for test Valid files (VALFILE)",,"",
VSCODEFILE,2,"Unknown","","No applicable items found for test VSCode Files (VSCODEFILE)",,"",
WORLD,2,"Unknown","","No applicable items found for test World Validation (WORLD)",,"",
WORLDDATA,2,"Unknown","","No applicable items found for test World Data Validation (WORLDDATA)",,"",
WPACKREFS,1,"Test success","","World Pack References completed successfully",,"",